1667,0,26,brawl stars,https://supercell.com/images/1a5b69311180a4a1c374e10556941f05/hero_bg_brawlstars.a385872a.webp,Chuck,https://cdn-old.brawlify.com/brawler-bs/Chuck.png,Игры,,,
1668,1,26,brawl stars,https://supercell.com/images/1a5b69311180a4a1c374e10556941f05/hero_bg_brawlstars.a385872a.webp,Cordelius,https://cdn-old.brawlify.com/brawler-bs/Cordelius.png,Игры,,,
1669,2,26,brawl stars,https://supercell.com/images/1a5b69311180a4a1c374e10556941f05/hero_bg_brawlstars.a385872a.webp,Pearl,https://cdn-old.brawlify.com/brawler-bs/Pearl.png,Игры,,,
1670,3,26,brawl stars,https://supercell.com/images/1a5b69311180a4a1c374e10556941f05/hero_bg_brawlstars.a385872a.webp,Maisie,https://cdn-old.brawlify.com/brawler-bs/Maisie.png,Игры,,,
1671,4,26,brawl stars,https://supercell.com/images/1a5b69311180a4a1c374e10556941f05/hero_bg_brawlstars.a385872a.webp,Doug,https://cdn-old.brawlify.com/brawler-bs/Doug.png,Игры,,,
1672,5,26,brawl stars,https://supercell.com/images/1a5b69311180a4a1c374e10556941f05/hero_bg_brawlstars.a385872a.webp,Hank,https://cdn-old.brawlify.com/brawler-bs/Hank.png,Игры,,,
1673,6,26,brawl stars,https://supercell.com/images/1a5b69311180a4a1c374e10556941f05/hero_bg_brawlstars.a385872a.webp,Willow,https://cdn-old.brawlify.com/brawler-bs/Willow.png,Игры,,,
1674,7,26,brawl stars,https://supercell.com/images/1a5b69311180a4a1c374e10556941f05/hero_bg_brawlstars.a385872a.webp,R-T,https://cdn-old.brawlify.com/brawler-bs/R-T.png,Игры,,,
1675,8,26,brawl stars,https://supercell.com/images/1a5b69311180a4a1c374e10556941f05/hero_bg_brawlstars.a385872a.webp,Buster,https://cdn-old.brawlify.com/brawler-bs/Buster.png,Игры,,,
1676,9,26,brawl stars,https://supercell.com/images/1a5b69311180a4a1c374e10556941f05/hero_bg_brawlstars.a385872a.webp,Mandy,https://cdn-old.brawlify.com/brawler-bs/Mandy.png,Игры,,,
1677,10,26,brawl stars,https://supercell.com/images/1a5b69311180a4a1c374e10556941f05/hero_bg_brawlstars.a385872a.webp,Fang,https://cdn-old.brawlify.com/brawler-bs/Fang.png,Игры,,,
1678,11,26,brawl stars,https://supercell.com/images/1a5b69311180a4a1c374e10556941f05/hero_bg_brawlstars.a385872a.webp,Bonnie,https://cdn-old.brawlify.com/brawler-bs/Bonnie.png,Игры,,,
1679,12,26,brawl stars,https://supercell.com/images/1a5b69311180a4a1c374e10556941f05/hero_bg_brawlstars.a385872a.webp,Leon,https://cdn-old.brawlify.com/brawler-bs/Leon.png,Игры,,,
1680,13,26,brawl stars,https://supercell.com/images/1a5b69311180a4a1c374e10556941f05/hero_bg_brawlstars.a385872a.webp,Chester,https://cdn-old.brawlify.com/brawler-bs/Chester.png,Игры,,,
1681,14,26,brawl stars,https://supercell.com/images/1a5b69311180a4a1c374e10556941f05/hero_bg_brawlstars.a385872a.webp,Crow,https://cdn-old.brawlify.com/brawler-bs/Crow.png,Игры,,,
1682,15,26,brawl stars,https://supercell.com/images/1a5b69311180a4a1c374e10556941f05/hero_bg_brawlstars.a385872a.webp,Spike,https://cdn-old.brawlify.com/brawler-bs/Spike.png,Игры,,,
1683,16,26,brawl stars,https://supercell.com/images/1a5b69311180a4a1c374e10556941f05/hero_bg_brawlstars.a385872a.webp,Meg,https://cdn-old.brawlify.com/brawler-bs/Meg.png,Игры,,,
1684,17,26,brawl stars,https://supercell.com/images/1a5b69311180a4a1c374e10556941f05/hero_bg_brawlstars.a385872a.webp,Amber,https://cdn-old.brawlify.com/brawler-bs/Amber.png,Игры,,,
1685,18,26,brawl stars,https://supercell.com/images/1a5b69311180a4a1c374e10556941f05/hero_bg_brawlstars.a385872a.webp,Grom,https://cdn-old.brawlify.com/brawler-bs/Grom.png,Игры,,,
1686,19,26,brawl stars,https://supercell.com/images/1a5b69311180a4a1c374e10556941f05/hero_bg_brawlstars.a385872a.webp,Sandy,https://cdn-old.brawlify.com/brawler-bs/Sandy.png,Игры,,,
1687,20,26,brawl stars,https://supercell.com/images/1a5b69311180a4a1c374e10556941f05/hero_bg_brawlstars.a385872a.webp,Nani,https://cdn-old.brawlify.com/brawler-bs/Nani.png,Игры,,,
1688,21,26,brawl stars,https://supercell.com/images/1a5b69311180a4a1c374e10556941f05/hero_bg_brawlstars.a385872a.webp,Squeak,https://cdn-old.brawlify.com/brawler-bs/Squeak.png,Игры,,,
1689,22,26,brawl stars,https://supercell.com/images/1a5b69311180a4a1c374e10556941f05/hero_bg_brawlstars.a385872a.webp,Piper,https://cdn-old.brawlify.com/brawler-bs/Piper.png,Игры,,,
1690,23,26,brawl stars,https://supercell.com/images/1a5b69311180a4a1c374e10556941f05/hero_bg_brawlstars.a385872a.webp,Bibi,https://cdn-old.brawlify.com/brawler-bs/Bibi.png,Игры,,,
1691,24,26,brawl stars,https://supercell.com/images/1a5b69311180a4a1c374e10556941f05/hero_bg_brawlstars.a385872a.webp,Sam,https://cdn-old.brawlify.com/brawler-bs/Sam.png,Игры,,,
1692,25,26,brawl stars,https://supercell.com/images/1a5b69311180a4a1c374e10556941f05/hero_bg_brawlstars.a385872a.webp,Griff,https://cdn-old.brawlify.com/brawler-bs/Griff.png,Игры,,,
1693,26,26,brawl stars,https://supercell.com/images/1a5b69311180a4a1c374e10556941f05/hero_bg_brawlstars.a385872a.webp,Otis,https://cdn-old.brawlify.com/brawler-bs/Otis.png,Игры,,,
1694,27,26,brawl stars,https://supercell.com/images/1a5b69311180a4a1c374e10556941f05/hero_bg_brawlstars.a385872a.webp,Eve,https://cdn-old.brawlify.com/brawler-bs/Eve.png,Игры,,,
1695,28,26,brawl stars,https://supercell.com/images/1a5b69311180a4a1c374e10556941f05/hero_bg_brawlstars.a385872a.webp,Pam,https://cdn-old.brawlify.com/brawler-bs/Pam.png,Игры,,,
1696,29,26,brawl stars,https://supercell.com/images/1a5b69311180a4a1c374e10556941f05/hero_bg_brawlstars.a385872a.webp,Gray,https://cdn-old.brawlify.com/brawler-bs/Gray.png,Игры,,,
1697,30,26,brawl stars,https://supercell.com/images/1a5b69311180a4a1c374e10556941f05/hero_bg_brawlstars.a385872a.webp,Mortis,https://cdn-old.brawlify.com/brawler-bs/Mortis.png,Игры,,,
1698,31,26,brawl stars,https://supercell.com/images/1a5b69311180a4a1c374e10556941f05/hero_bg_brawlstars.a385872a.webp,Tara,https://cdn-old.brawlify.com/brawler-bs/Tara.png,Игры,,,
1699,32,26,brawl stars,https://supercell.com/images/1a5b69311180a4a1c374e10556941f05/hero_bg_brawlstars.a385872a.webp,Byron,https://cdn-old.brawlify.com/brawler-bs/Byron.png,Игры,,,
1700,33,26,brawl stars,https://supercell.com/images/1a5b69311180a4a1c374e10556941f05/hero_bg_brawlstars.a385872a.webp,Max,https://cdn-old.brawlify.com/brawler-bs/Max.png,Игры,,,
1701,34,26,brawl stars,https://supercell.com/images/1a5b69311180a4a1c374e10556941f05/hero_bg_brawlstars.a385872a.webp,Stu,https://cdn-old.brawlify.com/brawler-bs/Stu.png,Игры,,,
1702,35,26,brawl stars,https://supercell.com/images/1a5b69311180a4a1c374e10556941f05/hero_bg_brawlstars.a385872a.webp,Buzz,https://cdn-old.brawlify.com/brawler-bs/Buzz.png,Игры,,,
1703,36,26,brawl stars,https://supercell.com/images/1a5b69311180a4a1c374e10556941f05/hero_bg_brawlstars.a385872a.webp,Mr. P,https://cdn-old.brawlify.com/brawler-bs/Mr-P.png,Игры,,,
1704,37,26,brawl stars,https://supercell.com/images/1a5b69311180a4a1c374e10556941f05/hero_bg_brawlstars.a385872a.webp,Gus,https://cdn-old.brawlify.com/brawler-bs/Gus.png,Игры,,,
1705,38,26,brawl stars,https://supercell.com/images/1a5b69311180a4a1c374e10556941f05/hero_bg_brawlstars.a385872a.webp,Edgar,https://cdn-old.brawlify.com/brawler-bs/Edgar.png,Игры,,,
1706,39,26,brawl stars,https://supercell.com/images/1a5b69311180a4a1c374e10556941f05/hero_bg_brawlstars.a385872a.webp,Frank,https://cdn-old.brawlify.com/brawler-bs/Frank.png,Игры,,,
1707,40,26,brawl stars,https://supercell.com/images/1a5b69311180a4a1c374e10556941f05/hero_bg_brawlstars.a385872a.webp,Gene,https://cdn-old.brawlify.com/brawler-bs/Gene.png,Игры,,,
1708,41,26,brawl stars,https://supercell.com/images/1a5b69311180a4a1c374e10556941f05/hero_bg_brawlstars.a385872a.webp,Janet,https://cdn-old.brawlify.com/brawler-bs/Janet.png,Игры,,,
1709,42,26,brawl stars,https://supercell.com/images/1a5b69311180a4a1c374e10556941f05/hero_bg_brawlstars.a385872a.webp,Lola,https://cdn-old.brawlify.com/brawler-bs/Lola.png,Игры,,,
1710,43,26,brawl stars,https://supercell.com/images/1a5b69311180a4a1c374e10556941f05/hero_bg_brawlstars.a385872a.webp,Surge,https://cdn-old.brawlify.com/brawler-bs/Surge.png,Игры,,,
1711,44,26,brawl stars,https://supercell.com/images/1a5b69311180a4a1c374e10556941f05/hero_bg_brawlstars.a385872a.webp,Charlie,https://cdn-old.brawlify.com/brawler-bs/Charlie.png,Игры,,,
1712,45,26,brawl stars,https://supercell.com/images/1a5b69311180a4a1c374e10556941f05/hero_bg_brawlstars.a385872a.webp,Rico,https://cdn-old.brawlify.com/brawler-bs/Rico.png,Игры,,,
1713,46,26,brawl stars,https://supercell.com/images/1a5b69311180a4a1c374e10556941f05/hero_bg_brawlstars.a385872a.webp,Sprout,https://cdn-old.brawlify.com/brawler-bs/Sprout.png,Игры,,,
1714,47,26,brawl stars,https://supercell.com/images/1a5b69311180a4a1c374e10556941f05/hero_bg_brawlstars.a385872a.webp,Bea,https://cdn-old.brawlify.com/brawler-bs/Bea.png,Игры,,,
1715,48,26,brawl stars,https://supercell.com/images/1a5b69311180a4a1c374e10556941f05/hero_bg_brawlstars.a385872a.webp,Lou,https://cdn-old.brawlify.com/brawler-bs/Lou.png,Игры,,,
1716,49,26,brawl stars,https://supercell.com/images/1a5b69311180a4a1c374e10556941f05/hero_bg_brawlstars.a385872a.webp,Tick,https://cdn-old.brawlify.com/brawler-bs/Tick.png,Игры,,,
1717,50,26,brawl stars,https://supercell.com/images/1a5b69311180a4a1c374e10556941f05/hero_bg_brawlstars.a385872a.webp,Belle,https://cdn-old.brawlify.com/brawler-bs/Belle.png,Игры,,,
1718,51,26,brawl stars,https://supercell.com/images/1a5b69311180a4a1c374e10556941f05/hero_bg_brawlstars.a385872a.webp,Colette,https://cdn-old.brawlify.com/brawler-bs/Colette.png,Игры,,,
1719,52,26,brawl stars,https://supercell.com/images/1a5b69311180a4a1c374e10556941f05/hero_bg_brawlstars.a385872a.webp,Carl,https://cdn-old.brawlify.com/brawler-bs/Carl.png,Игры,,,
1720,53,26,brawl stars,https://supercell.com/images/1a5b69311180a4a1c374e10556941f05/hero_bg_brawlstars.a385872a.webp,Dynamike,https://cdn-old.brawlify.com/brawler-bs/Dynamike.png,Игры,,,
1721,54,26,brawl stars,https://supercell.com/images/1a5b69311180a4a1c374e10556941f05/hero_bg_brawlstars.a385872a.webp,Ash,https://cdn-old.brawlify.com/brawler-bs/Ash.png,Игры,,,
1722,55,26,brawl stars,https://supercell.com/images/1a5b69311180a4a1c374e10556941f05/hero_bg_brawlstars.a385872a.webp,Rosa,https://cdn-old.brawlify.com/brawler-bs/Rosa.png,Игры,,,
1723,56,26,brawl stars,https://supercell.com/images/1a5b69311180a4a1c374e10556941f05/hero_bg_brawlstars.a385872a.webp,Penny,https://cdn-old.brawlify.com/brawler-bs/Penny.png,Игры,,,
1724,57,26,brawl stars,https://supercell.com/images/1a5b69311180a4a1c374e10556941f05/hero_bg_brawlstars.a385872a.webp,Ruffs,https://cdn-old.brawlify.com/brawler-bs/Ruffs.png,Игры,,,
1725,58,26,brawl stars,https://supercell.com/images/1a5b69311180a4a1c374e10556941f05/hero_bg_brawlstars.a385872a.webp,Emz,https://cdn-old.brawlify.com/brawler-bs/Emz.png,Игры,,,
1726,59,26,brawl stars,https://supercell.com/images/1a5b69311180a4a1c374e10556941f05/hero_bg_brawlstars.a385872a.webp,Gale,https://cdn-old.brawlify.com/brawler-bs/Gale.png,Игры,,,
1727,60,26,brawl stars,https://supercell.com/images/1a5b69311180a4a1c374e10556941f05/hero_bg_brawlstars.a385872a.webp,Bo,https://cdn-old.brawlify.com/brawler-bs/Bo.png,Игры,,,
1728,61,26,brawl stars,https://supercell.com/images/1a5b69311180a4a1c374e10556941f05/hero_bg_brawlstars.a385872a.webp,Darryl,https://cdn-old.brawlify.com/brawler-bs/Darryl.png,Игры,,,
1729,62,26,brawl stars,https://supercell.com/images/1a5b69311180a4a1c374e10556941f05/hero_bg_brawlstars.a385872a.webp,8-Bit,https://cdn-old.brawlify.com/brawler-bs/8-Bit.png,Игры,,,
1730,63,26,brawl stars,https://supercell.com/images/1a5b69311180a4a1c374e10556941f05/hero_bg_brawlstars.a385872a.webp,Bull,https://cdn-old.brawlify.com/brawler-bs/Bull.png,Игры,,,
1731,64,26,brawl stars,https://supercell.com/images/1a5b69311180a4a1c374e10556941f05/hero_bg_brawlstars.a385872a.webp,Barley,https://cdn-old.brawlify.com/brawler-bs/Barley.png,Игры,,,
1732,65,26,brawl stars,https://supercell.com/images/1a5b69311180a4a1c374e10556941f05/hero_bg_brawlstars.a385872a.webp,Colt,https://cdn-old.brawlify.com/brawler-bs/Colt.png,Игры,,,
1733,66,26,brawl stars,https://supercell.com/images/1a5b69311180a4a1c374e10556941f05/hero_bg_brawlstars.a385872a.webp,Brock,https://cdn-old.brawlify.com/brawler-bs/Brock.png,Игры,,,
1734,67,26,brawl stars,https://supercell.com/images/1a5b69311180a4a1c374e10556941f05/hero_bg_brawlstars.a385872a.webp,Jacky,https://cdn-old.brawlify.com/brawler-bs/Jacky.png,Игры,,,
1735,68,26,brawl stars,https://supercell.com/images/1a5b69311180a4a1c374e10556941f05/hero_bg_brawlstars.a385872a.webp,El Primo,https://cdn-old.brawlify.com/brawler-bs/El-Primo.png,Игры,,,
1736,69,26,brawl stars,https://supercell.com/images/1a5b69311180a4a1c374e10556941f05/hero_bg_brawlstars.a385872a.webp,Jessie,https://cdn-old.brawlify.com/brawler-bs/Jessie.png,Игры,,,
1737,70,26,brawl stars,https://supercell.com/images/1a5b69311180a4a1c374e10556941f05/hero_bg_brawlstars.a385872a.webp,Poco,https://cdn-old.brawlify.com/brawler-bs/Poco.png,Игры,,,
1738,71,26,brawl stars,https://supercell.com/images/1a5b69311180a4a1c374e10556941f05/hero_bg_brawlstars.a385872a.webp,Nita,https://cdn-old.brawlify.com/brawler-bs/Nita.png,Игры,,,
1739,72,26,brawl stars,https://supercell.com/images/1a5b69311180a4a1c374e10556941f05/hero_bg_brawlstars.a385872a.webp,Shelly,https://cdn-old.brawlify.com/brawler-bs/Shelly.png,Игры,,,
